Generation,Simulation,m,Cb,facAs,facSk,lsgrad,bedfric,wetslp,vegDensity,RMSE,Dune RMSE,Beach RMSE,BSS,Dune BSS,Beach BSS,BSS Label,Dune BSS Label,Beach BSS Label,Folder,Profile,Long
1,1,0.6292,0.6787,0.052,0.3398,0.0113,0.4427,0.6884,7.939,0.985,1.6853,0.7245,-1.0938,-21.9821,0.0355,Very Poor,Very Poor,Poor,run04122021115205_101034,1,False
1,2,1.2745,2.6265,0.9494,0.4429,0.047,0.4382,0.8529,9.7547,0.9159,1.4071,0.7532,-0.8104,-15.0203,-0.0422,Very Poor,Very Poor,Very Poor,run04122021115205_133240,1,False
1,3,3.277,0.5252,0.4093,0.3072,-0.0162,0.0565,0.3279,5.6651,8.3667,9.0908,8.1848,-150.0621,-667.6726,-122.0782,Very Poor,Very Poor,Very Poor,run04122021115205_164377,1,False
1,4,4.9784,1.4297,0.4678,0.4184,0.015,0.0397,0.5444,4.2685,0.7061,1.452,0.3395,-0.0759,-16.0595,0.7882,Very Poor,Very Poor,Good,run04122021115205_169470,1,False
1,5,4.8925,2.9053,0.617,0.9176,-0.0389,0.4656,0.1262,3.9962,11.7369,12.5287,11.5404,-296.2748,-1269.0498,-243.6829,Very Poor,Very Poor,Very Poor,run04122021115205_185895,1,False
1,6,2.4096,1.8881,0.2076,0.5264,0.0585,0.3401,0.6563,9.7711,1.2609,1.5357,1.1862,-2.4311,-18.0811,-1.585,Very Poor,Very Poor,Very Poor,run04122021115205_407287,1,False
1,7,2.5674,1.292,0.6528,0.1543,0.0148,0.0689,0.0647,6.417,,,,1.0,1.0,1.0,Excellent,Excellent,Excellent,run04122021115205_417901,1,False
1,8,1.3798,0.9673,0.9201,0.4811,0.0077,0.1092,0.1752,7.2795,2.8111,2.0877,2.9574,-16.0534,-34.2639,-15.0688,Very Poor,Very Poor,Very Poor,run04122021115205_420537,1,False
1,9,2.3554,2.4558,0.5886,0.2542,0.0269,0.4526,0.7172,0.9188,0.4801,0.5169,0.4709,0.5026,-1.1617,0.5926,Fair,Very Poor,Fair,run04122021115205_57705,1,False
1,10,2.8576,1.3958,0.7184,0.5695,0.0093,0.1424,0.8636,1.589,0.4312,0.9347,0.1491,0.5987,-6.0691,0.9592,Fair,Very Poor,Excellent,run04122021115205_633451,1,False
1,11,3.5109,0.0959,0.6413,0.2378,0.0659,0.3326,0.2922,8.1424,0.9385,0.8858,0.9506,-0.9008,-5.3487,-0.6603,Very Poor,Very Poor,Very Poor,run04122021115205_650726,1,False
1,12,1.7272,2.2509,0.297,0.6863,-0.0406,0.0123,0.4796,9.685,10.9815,11.7502,10.7904,-259.2406,-1116.1282,-212.9141,Very Poor,Very Poor,Very Poor,run04122021115205_668030,1,False
1,13,1.4649,0.8435,0.9815,0.0388,0.0583,0.4891,0.2845,1.1515,0.8493,1.169,0.7534,-0.5566,-10.0574,-0.0429,Very Poor,Very Poor,Very Poor,run04122021115205_689220,1,False
1,14,4.0855,2.2043,0.4197,0.9389,-0.0758,0.3518,0.9466,5.3861,13.1213,13.9459,12.9172,-370.5396,-1572.6252,-305.5504,Very Poor,Very Poor,Very Poor,run04122021115205_729796,1,False
1,15,2.7807,0.5091,0.9511,0.6664,-0.0282,0.2191,0.2305,5.6431,650.3657,3.0132,723.6587,-912781.4966,-72.4635,-962125.9542,Very Poor,Very Poor,Very Poor,run04122021115205_742012,1,False
1,16,2.4524,1.4397,0.9254,0.2878,0.0783,0.3517,0.3955,1.1679,1.0258,1.226,0.9721,-1.2709,-11.1606,-0.7362,Very Poor,Very Poor,Very Poor,run04122021115205_767632,1,False
1,17,0.6752,1.0595,0.3261,0.1799,-0.0906,0.2907,0.5787,0.6244,10.3533,11.2575,10.1261,-230.3177,-1024.4013,-187.3866,Very Poor,Very Poor,Very Poor,run04122021115205_770560,1,False
1,18,0.2552,2.1007,0.687,0.428,-0.0892,0.4753,0.4606,8.3074,12.0353,12.8805,11.8252,-311.584,-1341.3735,-255.9097,Very Poor,Very Poor,Very Poor,run04122021115205_810531,1,False
1,19,1.5563,0.722,0.5358,0.0951,-0.0104,0.2042,0.807,4.7553,7.4175,8.1528,7.2314,-117.7317,-536.8044,-95.0751,Very Poor,Very Poor,Very Poor,run04122021115205_816631,1,False
1,20,0.1518,1.6069,0.9501,0.1146,0.0896,0.0295,0.6438,5.8832,0.9982,1.2806,0.9183,-1.1504,-12.2687,-0.5493,Very Poor,Very Poor,Very Poor,run04122021115205_996445,1,False
2,1,1.678,0.6992,0.9848,0.0224,0.0647,0.0878,0.1577,1.3795,0.8352,1.1608,0.7367,-0.5052,-9.9031,0.0028,Very Poor,Very Poor,Poor,run04142021023515_134678,1,False
2,2,4.5734,2.381,0.6748,0.2513,-0.0972,0.4772,0.2271,4.807,11.4168,12.3632,11.1797,-280.2823,-1235.7103,-228.6283,Very Poor,Very Poor,Very Poor,run04142021023515_139159,1,False
2,3,2.1158,0.4593,0.6775,0.6028,-0.0367,0.2507,0.1873,2.0861,10.8522,11.6244,10.6601,-253.1494,-1092.3347,-207.7799,Very Poor,Very Poor,Very Poor,run04142021023515_212461,1,False
2,4,4.2865,1.7512,0.9468,0.131,0.0832,0.4308,0.7705,5.6552,1.1162,1.2636,1.0781,-1.6885,-11.9191,-1.1354,Very Poor,Very Poor,Very Poor,run04142021023515_287129,1,False
2,5,2.9971,0.1666,0.6974,0.4316,0.0206,0.1755,0.5812,9.4956,0.7332,0.7753,0.7228,-0.1601,-3.8636,0.0401,Very Poor,Very Poor,Poor,run04142021023515_41080,1,False
2,6,3.5435,0.4646,0.5482,0.3938,-0.0158,0.1085,0.7273,4.8983,8.8905,9.6495,8.7001,-169.5718,-752.3872,-138.0626,Very Poor,Very Poor,Very Poor,run04142021023515_451029,1,False
2,7,1.094,1.5597,0.2899,0.5603,-0.0611,0.1589,0.5674,2.0037,11.4247,12.1971,11.233,-280.6701,-1202.7114,-230.8211,Very Poor,Very Poor,Very Poor,run04142021023515_630556,1,False
2,8,1.3084,1.7507,0.3332,0.306,-0.0701,0.144,0.4909,5.9192,10.6081,11.393,10.4125,-241.8426,-1049.2328,-198.192,Very Poor,Very Poor,Very Poor,run04142021023515_755513,1,False
2,9,3.3406,1.5654,0.6893,0.659,-0.0831,0.3511,0.0993,6.6847,12.6745,13.5056,12.4684,-345.6674,-1474.8405,-284.6201,Very Poor,Very Poor,Very Poor,run04142021023515_805947,1,False
2,10,0.1717,1.359,0.4117,0.2246,0.0604,0.1967,0.2554,2.9153,1.215,1.3844,1.1711,-2.1858,-14.5068,-1.5197,Very Poor,Very Poor,Very Poor,run04142021023515_820807,1,False
2,11,1.2898,0.7825,0.397,0.0085,-0.0108,0.1522,0.4076,5.5221,6.7908,7.5091,6.6083,-98.5158,-455.2324,-79.2304,Very Poor,Very Poor,Very Poor,run04142021023515_885378,1,False
2,12,3.3124,1.9309,0.3832,0.3233,0.0221,0.0697,0.8389,5.1185,0.7674,1.4879,0.4494,-0.2707,-16.9124,0.629,Very Poor,Very Poor,Good,run04142021023515_894991,1,False
2,13,0.5743,2.625,0.6292,0.4673,-0.0309,0.4637,0.3596,7.4966,10.1364,10.8984,9.9463,-220.7253,-960.0302,-180.7557,Very Poor,Very Poor,Very Poor,run04142021023515_90827,1,False
2,14,2.0447,1.017,0.9501,0.5446,0.0163,0.0776,0.2184,5.718,0.4999,0.8111,0.3908,0.4608,-4.3229,0.7194,Fair,Very Poor,Good,run04142021023515_939017,1,False
3,1,3.0029,1.4107,0.7082,0.4779,0.006,0.1321,0.821,2.5752,5.1484,1.8915,5.6537,-56.1995,-27.9467,-57.7269,Very Poor,Very Poor,Very Poor,run04152021142124_123858,1,False
3,2,1.516,1.0319,0.9472,0.1886,0.0832,0.0534,0.461,1.4121,1.0806,1.1886,1.0532,-1.5197,-10.4315,-1.0379,Very Poor,Very Poor,Very Poor,run04152021142124_163189,1,False
3,3,1.8787,0.2955,0.5307,0.5734,-0.0279,0.1699,0.3167,1.9802,10.2035,10.9661,10.0134,-223.6729,-972.0089,-183.215,Very Poor,Very Poor,Very Poor,run04152021142124_182367,1,False
3,4,3.011,0.446,0.2549,0.3384,0.0052,0.3737,0.6809,7.5461,0.6838,1.2988,0.421,-0.009,-12.6483,0.6743,Very Poor,Very Poor,Good,run04152021142124_202770,1,False
3,5,0.0278,2.1208,0.0047,0.5278,0.0646,0.4091,0.6638,9.5941,1.2827,1.7612,1.1395,-2.5507,-24.0983,-1.3857,Very Poor,Very Poor,Very Poor,run04152021142124_363070,1,False
3,6,2.8519,0.1517,0.7076,0.5713,0.0238,0.3052,0.6239,8.5093,4.6103,1.8209,5.0524,-44.8683,-25.8273,-45.8978,Very Poor,Very Poor,Very Poor,run04152021142124_571216,1,False
3,7,1.2898,0.3873,0.397,0.3231,-0.0108,0.1522,0.4076,5.5221,7.9364,8.6525,7.7561,-134.9235,-604.75,-109.5229,Very Poor,Very Poor,Very Poor,run04152021142124_613372,1,False
3,8,1.3311,1.7235,0.2384,0.5898,-0.0973,0.2397,0.438,2.1097,12.5394,13.3576,12.3366,-338.3171,-1442.6543,-278.6125,Very Poor,Very Poor,Very Poor,run04152021142124_630988,1,False
3,9,3.5311,2.8287,0.9056,0.4988,0.0202,0.1416,0.8454,6.8128,10.5886,3.5423,11.6544,-240.9501,-100.5274,-248.5418,Very Poor,Very Poor,Very Poor,run04152021142124_723608,1,False
3,10,1.0557,1.7287,0.427,0.2674,0.0489,0.3663,0.8464,8.0604,1.1277,1.4363,1.0408,-1.7444,-15.6927,-0.9903,Very Poor,Very Poor,Very Poor,run04152021142124_729075,1,False
3,11,2.6143,1.107,0.963,0.1216,0.0598,0.3861,0.0922,1.1353,0.8359,1.2311,0.7101,-0.5079,-11.2638,0.0736,Very Poor,Very Poor,Poor,run04152021142124_803720,1,False
3,12,3.3324,1.8695,0.7193,0.2621,0.0612,0.2922,0.4349,2.4406,1.0412,1.3331,0.9587,-1.3395,-13.3803,-0.6885,Very Poor,Very Poor,Very Poor,run04152021142124_823074,1,False
3,13,1.1258,1.2407,0.6393,0.0936,0.0823,0.3354,0.5911,6.13,1.2265,1.2822,1.2128,-2.2461,-12.302,-1.7025,Very Poor,Very Poor,Very Poor,run04152021142124_907545,1,False
4,1,0.4192,1.4404,0.3843,0.5321,0.0806,0.1728,0.528,4.3168,1.2466,1.3695,1.2155,-2.3536,-14.1759,-1.7145,Very Poor,Very Poor,Very Poor,run04162021230248_268141,1,False
4,2,2.7673,1.0594,0.634,0.4788,0.0143,0.1365,0.8491,4.2561,3.3617,0.9228,3.7134,-23.3882,-5.8903,-24.3342,Very Poor,Very Poor,Very Poor,run04162021230248_391928,1,False
4,3,0.1723,1.4941,0.5133,0.6223,-0.0278,0.2148,0.3054,2.9027,10.3051,11.0696,10.1145,-228.1675,-990.4615,-186.9551,Very Poor,Very Poor,Very Poor,run04162021230248_428656,1,False
4,4,2.2807,1.4265,0.6466,0.4184,-0.031,0.4188,0.371,6.574,9.9933,10.7522,9.8039,-214.5108,-934.4207,-175.5898,Very Poor,Very Poor,Very Poor,run04162021230248_480340,1,False
4,5,1.1017,1.0126,0.7686,0.2221,0.0826,0.3645,0.6489,7.3034,1.1465,1.2142,1.1297,-1.8365,-10.9291,-1.3449,Very Poor,Very Poor,Very Poor,run04162021230248_505161,1,False
4,6,3.3324,1.8695,0.7193,0.2621,0.0612,0.2922,0.4349,2.4406,1.0409,1.3313,0.9589,-1.3381,-13.3405,-0.6892,Very Poor,Very Poor,Very Poor,run04162021230248_709039,1,False
4,7,2.6143,1.107,0.963,0.1216,0.0598,0.4787,0.7989,1.1353,0.9274,1.2171,0.8439,-0.8561,-10.9866,-0.3084,Very Poor,Very Poor,Very Poor,run04162021230248_731141,1,False
4,8,1.8726,1.6974,0.5704,0.5404,0.0949,0.0147,0.2436,0.2412,,,,1.0,1.0,1.0,Excellent,Excellent,Excellent,run04162021230248_758874,1,False
4,9,2.2495,0.4099,0.5397,0.3303,-0.0174,0.1578,0.3582,5.4078,8.8083,9.5585,8.6201,-166.4308,-738.2416,-135.5165,Very Poor,Very Poor,Very Poor,run04162021230248_761853,1,False
4,10,1.5401,1.26,0.8179,0.0602,0.0829,0.0243,0.4032,0.2386,0.9601,1.3078,0.8568,-0.9893,-12.8387,-0.3486,Very Poor,Very Poor,Very Poor,run04162021230248_770990,1,False
4,11,2.5839,0.4421,0.4055,0.3866,-0.0091,0.1029,0.7767,5.0126,7.9521,8.6757,7.7699,-135.4648,-608.0054,-109.9175,Very Poor,Very Poor,Very Poor,run04162021230248_989192,1,False
4,12,3.7667,1.0226,0.9797,0.4979,0.0119,0.1372,0.8172,5.1319,5.971,1.0676,6.6234,-75.9382,-8.2219,-79.5992,Very Poor,Very Poor,Very Poor,run04162021230248_995944,1,False
1,1,8.2348,0.2286,0.9684,1.0491,-0.102,0.0004,0.7252,0.1042,42.9715,55.993,26.3811,-22021.4928,-51970.5783,-6636.627,Very Poor,Very Poor,Very Poor,run04122021115225_100186,3,False
1,2,8.7041,0.2183,1.0273,0.9805,-0.1,0.0004,0.7443,0.1002,15.9581,16.8513,15.1161,-3036.1616,-4706.2195,-2178.2517,Very Poor,Very Poor,Very Poor,run04122021115225_128403,3,False
1,3,8.0762,0.2247,0.9964,0.9523,-0.0973,0.0004,0.7906,0.0964,16.202,17.3015,15.1531,-3129.7003,-4961.0881,-2188.9152,Very Poor,Very Poor,Very Poor,run04122021115225_182147,3,False
1,4,8.3377,0.2164,1.0401,0.9841,-0.0999,0.0004,0.7776,0.0953,71.266,80.6589,61.6826,-60570.7495,-107844.7831,-36286.046,Very Poor,Very Poor,Very Poor,run04122021115225_214031,3,False
1,5,8.2059,0.2222,0.9644,1.0255,-0.1038,0.0004,0.7257,0.0956,16.3894,17.3893,15.4421,-3202.5636,-5011.6112,-2273.2547,Very Poor,Very Poor,Very Poor,run04122021115225_26763,3,False
1,6,8.7395,0.2182,0.9508,0.9818,-0.098,0.0004,0.7392,0.0984,15.8112,16.6112,15.061,-2980.4937,-4573.0509,-2162.3959,Very Poor,Very Poor,Very Poor,run04122021115225_297274,3,False
1,7,8.5263,0.214,1.0284,0.9599,-0.1013,0.0004,0.734,0.1048,16.8193,18.4113,15.2582,-3372.8243,-5618.1008,-2219.4242,Very Poor,Very Poor,Very Poor,run04122021115225_324318,3,False
1,8,8.7643,0.2139,0.9599,1.0492,-0.0955,0.0004,0.7429,0.1024,649.2044,1.6415,893.1815,-5026522.1559,-43.6668,-7608627.6077,Very Poor,Very Poor,Very Poor,run04122021115225_334032,3,False
1,9,8.7903,0.2255,1.0489,0.9595,-0.0996,0.0004,0.7233,0.0986,486.2311,500.2457,473.3676,-2819616.9613,-4148255.3014,-2137094.5336,Very Poor,Very Poor,Very Poor,run04122021115225_403236,3,False
1,10,8.6783,0.2275,1.0471,0.994,-0.1036,0.0004,0.7646,0.0986,16.0027,16.8141,15.2417,-3053.1527,-4685.4887,-2214.6206,Very Poor,Very Poor,Very Poor,run04122021115225_489488,3,False
1,11,8.7383,0.2104,1.0316,1.0134,-0.0994,0.0004,0.76,0.0979,503.4901,732.9797,12.1575,-3023336.6951,-8905999.7103,-1408.6643,Very Poor,Very Poor,Very Poor,run04122021115225_503868,3,False
1,12,8.51,0.2128,0.9622,0.9711,-0.0982,0.0004,0.7878,0.1011,15.8072,16.6175,15.047,-2978.9942,-4576.4942,-2158.3574,Very Poor,Very Poor,Very Poor,run04122021115225_550310,3,False
1,13,8.2846,0.2149,0.9599,1.0092,-0.1044,0.0004,0.7245,0.1026,20.4069,17.279,22.8404,-4965.578,-4948.2364,-4974.4863,Very Poor,Very Poor,Very Poor,run04122021115225_569982,3,False
1,14,8.4054,0.227,0.9957,0.9967,-0.096,0.0004,0.7302,0.1033,491.5436,2.932,676.2657,-2881567.213,-141.5063,-4361757.5773,Very Poor,Very Poor,Very Poor,run04122021115225_601927,3,False
1,15,8.7768,0.2086,1.0303,1.032,-0.1025,0.0004,0.7903,0.0955,1242.1967,1808.0584,44.2818,-18402867.6955,-54190569.8517,-18700.5212,Very Poor,Very Poor,Very Poor,run04122021115225_634373,3,False
1,16,8.5838,0.2108,1.0233,1.0212,-0.1008,0.0004,0.7883,0.0994,5.9909,1.2745,8.1539,-427.0489,-25.9279,-633.105,Very Poor,Very Poor,Very Poor,run04122021115225_736569,3,False
1,17,8.5196,0.2216,0.9569,1.0196,-0.1009,0.0004,0.7944,0.1025,17.1665,17.798,16.5823,-3513.5183,-5249.9695,-2621.5022,Very Poor,Very Poor,Very Poor,run04122021115225_775316,3,False
1,18,8.2066,0.2117,1.0073,0.9814,-0.102,0.0004,0.7322,0.104,16.4146,16.9712,15.9012,-3212.4112,-4773.4768,-2410.4908,Very Poor,Very Poor,Very Poor,run04122021115225_797686,3,False
1,19,8.5965,0.2191,0.9934,1.0061,-0.1003,0.0004,0.7443,0.0959,1356.5174,1974.8786,29.1297,-21946007.8147,-64651646.7189,-8091.7822,Very Poor,Very Poor,Very Poor,run04122021115225_855869,3,False
1,20,8.2874,0.2124,1.0471,0.9588,-0.1044,0.0004,0.7579,0.1042,4.0846,1.4856,5.4415,-197.9789,-35.5837,-281.4014,Very Poor,Very Poor,Very Poor,run04122021115225_921375,3,False
1,1,1.8985,0.9717,0.5782,0.3741,0.0421,0.0985,0.7406,1.4245,0.8074,1.2265,0.6783,-4.9341,-131.1697,-2.485,Very Poor,Very Poor,Very Poor,run04122021115225_241605,15,False
1,2,1.9728,0.8486,0.6331,0.4372,0.0559,0.1839,0.7187,1.3425,0.7954,1.2274,0.6604,-4.7596,-131.361,-2.3034,Very Poor,Very Poor,Very Poor,run04122021115225_269582,15,False
1,3,1.9073,0.1626,0.5964,0.3952,0.0445,0.1216,0.7167,1.252,0.4367,0.7608,0.3215,-0.7359,-49.8567,0.2171,Very Poor,Very Poor,Poor,run04122021115225_271021,15,False
1,4,1.8525,0.9773,0.6068,0.429,0.0489,0.1382,0.6652,1.2245,0.8025,1.2172,0.6749,-4.8622,-129.1537,-2.4508,Very Poor,Very Poor,Very Poor,run04122021115225_289522,15,False
1,5,2.0783,0.3904,0.5749,0.373,0.0488,0.1226,0.6919,1.1564,0.5443,0.8624,0.4422,-1.6969,-64.3467,-0.4814,Very Poor,Very Poor,Very Poor,run04122021115225_29287,15,False
1,6,2.0269,1.4331,0.6227,0.3846,0.0415,0.0716,0.6973,1.2796,0.8392,1.2435,0.7175,-5.4116,-134.857,-2.9002,Very Poor,Very Poor,Very Poor,run04122021115225_331966,15,False
1,7,1.8285,1.3014,0.6318,0.3986,0.0466,0.153,0.7567,1.4428,0.8273,1.2328,0.7046,-5.2301,-132.5115,-2.7607,Very Poor,Very Poor,Very Poor,run04122021115225_378618,15,False
1,8,2.0375,0.1054,0.6111,0.3817,0.0556,0.1941,0.748,1.2327,0.4028,0.6738,0.3108,-0.4768,-38.8909,0.2685,Very Poor,Very Poor,Poor,run04122021115225_405612,15,False
1,9,2.17,0.6472,0.6,0.4172,0.0442,0.0549,0.7019,0.8733,0.399,0.0785,0.44,-0.4491,0.4582,-0.4667,Very Poor,Fair,Very Poor,run04122021115225_486494,15,False
1,10,2.0314,1.4724,0.568,0.3736,0.0411,0.1358,0.7292,0.9285,0.5975,0.2078,0.6539,-2.2496,-2.7921,-2.2391,Very Poor,Very Poor,Very Poor,run04122021115225_552321,15,False
1,11,1.8239,0.976,0.5948,0.3641,0.0568,0.0278,0.6753,1.4399,0.9185,1.5467,0.7038,-6.6804,-209.1772,-2.7518,Very Poor,Very Poor,Very Poor,run04122021115225_563295,15,False
1,12,1.9276,0.6809,0.5973,0.4143,0.059,0.1437,0.7699,1.2493,0.7553,1.1789,0.6214,-4.1934,-121.0978,-1.9253,Very Poor,Very Poor,Very Poor,run04122021115225_634457,15,False
1,13,1.8397,1.0878,0.5715,0.3816,0.058,0.1644,0.6374,1.2001,0.8049,1.2128,0.6802,-4.8979,-128.2316,-2.5051,Very Poor,Very Poor,Very Poor,run04122021115225_672707,15,False
1,14,1.9403,0.9821,0.6442,0.3845,0.0416,0.0527,0.7282,1.3464,0.8008,1.2103,0.6752,-4.8376,-127.6944,-2.454,Very Poor,Very Poor,Very Poor,run04122021115225_67554,15,False
1,15,1.8715,0.6215,0.6149,0.4131,0.056,0.1499,0.6877,0.9344,0.4011,0.0822,0.4422,-0.4644,0.4067,-0.4813,Very Poor,Fair,Very Poor,run04122021115225_76283,15,False
1,16,1.9817,0.2401,0.6383,0.424,0.0419,0.1909,0.7427,1.3483,0.4736,0.825,0.3487,-1.0416,-58.7938,0.0788,Very Poor,Very Poor,Poor,run04122021115225_773528,15,False
1,17,2.0503,1.2271,0.5506,0.3784,0.0571,0.1683,0.6903,1.3958,0.8228,1.2139,0.7055,-5.1629,-128.4666,-2.7707,Very Poor,Very Poor,Very Poor,run04122021115225_832342,15,False
1,18,1.9873,1.4336,0.5913,0.4105,0.0439,0.1832,0.6509,1.4432,0.8377,1.2572,0.7099,-5.3876,-137.8636,-2.8175,Very Poor,Very Poor,Very Poor,run04122021115225_93829,15,False
1,19,1.9737,0.6585,0.6064,0.4008,0.0567,0.1465,0.7651,1.384,0.7584,1.1932,0.6199,-4.2358,-124.0721,-1.9109,Very Poor,Very Poor,Very Poor,run04122021115225_948489,15,False
1,20,2.1912,0.9768,0.638,0.3733,0.0471,0.0496,0.6647,1.0074,0.5431,0.4553,0.5609,-1.6848,-17.2109,-1.3836,Very Poor,Very Poor,Very Poor,run04122021115225_982700,15,False
2,1,2.0503,1.2271,0.5506,0.3784,0.0571,0.1683,0.6903,1.3958,0.8215,1.2164,0.7027,-5.1428,-128.9894,-2.7401,Very Poor,Very Poor,Very Poor,run04122021214905_166315,15,False
2,2,1.8229,1.3014,0.6336,0.3637,0.0537,0.1397,0.794,1.4407,0.8178,1.2228,0.6949,-5.0883,-130.3542,-2.658,Very Poor,Very Poor,Very Poor,run04122021214905_239457,15,False
2,3,1.9381,0.9692,0.5696,0.3821,0.042,0.0374,0.7465,1.4568,0.8384,1.3036,0.6919,-5.3986,-148.2999,-2.6262,Very Poor,Very Poor,Very Poor,run04122021214905_251329,15,False
2,4,2.1824,0.2919,0.6245,0.3761,0.0483,0.1091,0.6512,1.1339,0.482,0.818,0.3662,-1.1151,-57.7841,-0.0157,Very Poor,Very Poor,Very Poor,run04122021214905_408450,15,False
2,5,2.0493,0.4544,0.5812,0.3853,0.0466,0.1286,0.6959,1.1881,0.6523,1.005,0.5422,-2.8731,-87.7352,-1.2267,Very Poor,Very Poor,Very Poor,run04122021214905_41823,15,False
2,6,2.0107,0.1761,0.6319,0.4117,0.044,0.1849,0.7388,1.3166,0.4452,0.7745,0.3284,-0.8043,-51.6961,0.1831,Very Poor,Very Poor,Poor,run04122021214905_644613,15,False
2,7,1.8397,0.4426,0.5715,0.3816,0.058,0.1644,0.6374,1.2001,0.6904,1.0843,0.565,-3.3385,-102.2955,-1.4186,Very Poor,Very Poor,Very Poor,run04122021214905_855991,15,False
2,8,1.9007,0.9846,0.6528,0.3765,0.0416,0.1138,0.7223,1.3141,0.8105,1.2338,0.6798,-4.9795,-132.7372,-2.5009,Very Poor,Very Poor,Very Poor,run04122021214905_912182,15,False
2,9,1.916,1.2337,0.61,0.3924,0.0432,0.0621,0.7302,1.1256,0.8193,1.2358,0.6919,-5.1108,-133.1712,-2.6263,Very Poor,Very Poor,Very Poor,run04122021214905_963216,15,False
2,10,1.8295,0.976,0.593,0.399,0.0498,0.0411,0.638,1.442,0.8105,1.2362,0.6788,-4.9792,-133.2628,-2.4904,Very Poor,Very Poor,Very Poor,run04122021214905_978551,15,False
3,1,2.0314,2.5544,0.5823,0.37,0.0505,0.1508,0.7535,1.2394,0.9257,1.1987,0.8523,-6.8006,-125.2337,-4.5028,Very Poor,Very Poor,Very Poor,run04132021050515_285503,15,False
3,2,2.0374,1.2154,0.6245,0.438,0.0517,0.1265,0.6843,1.2697,0.8149,1.2116,0.6952,-5.0454,-127.9595,-2.6608,Very Poor,Very Poor,Very Poor,run04132021050515_326774,15,False
3,3,1.9827,0.6749,0.6101,0.4124,0.0585,0.1471,0.768,1.2066,0.7607,1.1819,0.6282,-4.2679,-121.7243,-1.9891,Very Poor,Very Poor,Very Poor,run04132021050515_378594,15,False
3,4,2.0375,1.8724,0.5968,0.3853,0.0463,0.179,0.7236,0.9218,0.6988,0.2654,0.7631,-3.4447,-5.1874,-3.4109,Very Poor,Very Poor,Very Poor,run04132021050515_381438,15,False
3,5,1.9186,0.6644,0.5937,0.4027,0.0572,0.1431,0.7671,1.4268,0.7666,1.2014,0.6286,-4.3494,-125.8147,-1.9929,Very Poor,Very Poor,Very Poor,run04132021050515_391901,15,False
3,6,1.9197,0.6295,0.6162,0.4143,0.0529,0.0774,0.6838,0.8466,0.3992,0.0828,0.44,-0.4504,0.3983,-0.4668,Very Poor,Fair,Very Poor,run04132021050515_486518,15,False
3,7,2.0727,0.4453,0.5773,0.3824,0.0617,0.1497,0.6347,1.2054,0.6625,1.0279,0.5477,-2.9957,-91.8325,-1.2721,Very Poor,Very Poor,Very Poor,run04132021050515_500762,15,False
3,8,1.9261,0.9756,0.5842,0.3901,0.0454,0.0401,0.6763,1.4605,0.8136,1.2395,0.682,-5.0252,-133.9684,-2.5236,Very Poor,Very Poor,Very Poor,run04132021050515_504559,15,False
3,9,2.1218,0.6391,0.5987,0.416,0.0473,0.1275,0.7058,0.9611,0.4005,0.0819,0.4416,-0.4602,0.4114,-0.4771,Very Poor,Fair,Very Poor,run04132021050515_622822,15,False
3,10,1.8414,0.9696,0.5784,0.391,0.0464,0.0383,0.7082,1.4383,0.8253,1.2738,0.685,-5.2002,-141.5428,-2.555,Very Poor,Very Poor,Very Poor,run04132021050515_66606,15,False
3,11,1.8163,0.4517,0.5754,0.3844,0.043,0.1433,0.6986,1.1828,0.6895,1.0903,0.5611,-3.3273,-103.4374,-1.3851,Very Poor,Very Poor,Very Poor,run04132021050515_716674,15,False
3,12,2.0378,0.2278,0.6319,0.3668,0.0433,0.2226,0.6484,1.2555,0.4646,0.8109,0.3412,-0.9647,-56.772,0.118,Very Poor,Very Poor,Poor,run04132021050515_809861,15,False
3,13,1.8654,0.9891,0.5329,0.3694,0.0542,0.18,0.6712,1.3506,0.7876,1.1781,0.6691,-4.6475,-120.9329,-2.3915,Very Poor,Very Poor,Very Poor,run04132021050515_821136,15,False
3,14,2.1553,0.2402,0.6245,0.421,0.0491,0.0714,0.7415,1.195,0.4681,0.8058,0.3497,-0.9945,-56.0413,0.0734,Very Poor,Very Poor,Poor,run04132021050515_874036,15,False
3,15,1.8546,1.2339,0.633,0.4314,0.0558,0.1999,0.7317,1.4462,0.812,1.2008,0.6952,-5.0026,-125.6684,-2.6616,Very Poor,Very Poor,Very Poor,run04132021050515_896472,15,False
3,16,1.9412,0.9161,0.6336,0.3695,0.0538,0.1237,0.781,1.337,0.7911,1.2048,0.6634,-4.6977,-126.5206,-2.3342,Very Poor,Very Poor,Very Poor,run04132021050515_943340,15,False
4,1,2.0374,0.7313,0.6245,0.438,0.0517,0.1265,0.6843,1.0316,0.5519,0.697,0.5136,-1.7728,-41.6788,-0.9986,Very Poor,Very Poor,Very Poor,run04132021133002_167129,15,False
4,2,1.8654,0.9891,0.5329,0.3694,0.0601,0.18,0.6712,1.3506,0.8019,1.2067,0.6783,-4.8539,-126.9358,-2.4854,Very Poor,Very Poor,Very Poor,run04132021133002_183950,15,False
4,3,1.9059,0.9728,0.5833,0.3913,0.046,0.0401,0.7192,1.4712,0.8132,1.24,0.6813,-5.0204,-134.0779,-2.5166,Very Poor,Very Poor,Very Poor,run04132021133002_266869,15,False
4,4,2.0301,1.4338,0.6329,0.3802,0.0408,0.1243,0.6283,1.5184,0.839,1.2737,0.7052,-5.4082,-141.5211,-2.7675,Very Poor,Very Poor,Very Poor,run04132021133002_503418,15,False
4,5,2.0407,2.8008,0.5869,0.3874,0.0484,0.142,0.7503,1.2302,0.916,1.2277,0.8299,-6.6387,-131.4231,-4.2177,Very Poor,Very Poor,Very Poor,run04132021133002_508199,15,False
4,6,1.873,0.6311,0.5996,0.4137,0.0507,0.2322,0.6958,0.9905,0.4063,0.0835,0.4479,-0.5025,0.3877,-0.5198,Very Poor,Fair,Very Poor,run04132021133002_608668,15,False
4,7,2.1685,0.6376,0.6153,0.4166,0.0495,0.0817,0.6938,0.8171,0.406,0.0853,0.4476,-0.5006,0.3607,-0.5173,Very Poor,Fair,Very Poor,run04132021133002_629094,15,False
4,8,1.9841,1.4329,0.5811,0.415,0.0446,0.1306,0.7199,1.2044,0.8349,1.2175,0.7214,-5.3453,-129.2263,-2.9419,Very Poor,Very Poor,Very Poor,run04132021133002_711990,15,False
4,9,2.0886,0.5365,0.6068,0.376,0.0466,0.1464,0.6474,1.2525,0.732,1.1501,0.599,-3.878,-115.2018,-1.7182,Very Poor,Very Poor,Very Poor,run04132021133002_740645,15,False
4,10,1.9412,0.9161,0.5726,0.521,0.0826,0.2084,0.781,1.337,0.8013,1.244,0.6621,-4.8454,-134.9487,-2.3213,Very Poor,Very Poor,Very Poor,run04132021133002_775229,15,False
4,11,1.8617,0.9723,0.5793,0.3898,0.0458,0.0383,0.6653,1.4276,0.8217,1.2677,0.6823,-5.1462,-140.1893,-2.5263,Very Poor,Very Poor,Very Poor,run04132021133002_866823,15,False
4,12,2.0218,0.1366,0.6024,0.3733,0.0584,0.226,0.6357,1.2083,0.4198,0.7223,0.3138,-0.604,-44.8359,0.2542,Very Poor,Very Poor,Poor,run04132021133002_946539,15,False
4,13,1.9093,0.418,0.5891,0.3853,0.0592,0.152,0.7703,1.4359,0.7021,1.1142,0.5697,-3.4873,-108.0591,-1.4585,Very Poor,Very Poor,Very Poor,run04132021133002_976616,15,False
5,1,2.0197,1.2049,0.6085,0.3864,0.0407,0.0571,0.6604,1.4105,0.818,1.2289,0.6927,-5.0905,-131.6707,-2.6347,Very Poor,Very Poor,Very Poor,run04132021211911_318544,15,False
5,2,2.0518,1.0067,0.6126,0.3942,0.045,0.0994,0.743,1.1016,0.7755,1.151,0.6622,-4.4741,-115.3835,-2.3223,Very Poor,Very Poor,Very Poor,run04132021211911_554342,15,False
5,3,1.8721,1.2013,0.6037,0.3836,0.0459,0.1055,0.6331,1.5355,0.8161,1.2088,0.6979,-5.063,-127.3792,-2.69,Very Poor,Very Poor,Very Poor,run04132021211911_613453,15,False
5,4,1.9049,0.5881,0.363,0.3855,0.0741,0.1048,0.2409,1.2541,0.7658,1.2108,0.6233,-4.3383,-127.8064,-1.9429,Very Poor,Very Poor,Very Poor,run04132021211911_616099,15,False
5,5,1.9412,0.9161,0.0278,0.4667,0.0497,0.2084,0.781,1.337,0.8352,1.2726,0.7001,-5.3502,-141.2875,-2.7129,Very Poor,Very Poor,Very Poor,run04132021211911_978907,15,False
6,1,1.816,0.6365,0.6043,0.4175,0.0511,0.1831,0.6947,0.7407,0.4032,0.0856,0.4444,-0.4797,0.3559,-0.4959,Very Poor,Fair,Very Poor,run04142021033310_149557,15,False
6,2,1.8674,1.0873,0.6758,0.3434,0.0593,0.2024,0.6747,1.3651,0.8002,1.1939,0.6809,-4.8287,-124.232,-2.5121,Very Poor,Very Poor,Very Poor,run04142021033310_177783,15,False
6,3,1.912,1.2262,0.6484,0.3631,0.0438,0.1057,0.7195,1.2957,0.8254,1.2447,0.6971,-5.2016,-135.0999,-2.6815,Very Poor,Very Poor,Very Poor,run04142021033310_238831,15,False
6,4,1.8526,1.1357,0.4901,0.4575,0.0566,0.1775,0.7282,1.4317,0.8134,1.2088,0.694,-5.0225,-127.3808,-2.6487,Very Poor,Very Poor,Very Poor,run04142021033310_424921,15,False
6,5,2.0624,1.128,0.6069,0.3805,0.0465,0.0777,0.7719,1.1999,0.8114,1.2167,0.688,-4.9927,-129.0543,-2.5858,Very Poor,Very Poor,Very Poor,run04142021033310_436322,15,False
6,6,2.0327,2.2491,0.6028,0.3868,0.0407,0.1558,0.5937,0.7934,0.7271,0.2853,0.7933,-3.813,-6.1487,-3.7677,Very Poor,Very Poor,Very Poor,run04142021033310_474160,15,False
6,7,2.158,0.8157,0.6245,0.4233,0.0516,0.0686,0.6956,0.982,0.4666,0.1268,0.5129,-0.9818,-0.4128,-0.9929,Very Poor,Very Poor,Very Poor,run04142021033310_500435,15,False
6,8,2.0348,0.1559,0.6245,0.4357,0.0493,0.1292,0.7302,1.2446,0.4342,0.7527,0.3216,-0.7161,-48.778,0.2163,Very Poor,Very Poor,Poor,run04142021033310_532396,15,False
6,9,1.9728,1.1912,0.5854,0.4283,0.0424,0.1387,0.7227,1.2228,0.8,1.2041,0.6767,-4.8265,-126.3653,-2.4686,Very Poor,Very Poor,Very Poor,run04142021033310_758174,15,False
6,10,2.078,0.4151,0.6125,0.3897,0.0451,0.1681,0.6186,1.1542,0.5631,0.878,0.4637,-1.8866,-66.7181,-0.6288,Very Poor,Very Poor,Very Poor,run04142021033310_845221,15,False
6,11,2.2255,0.6322,0.6106,0.4128,0.0492,0.1309,0.6949,1.067,0.7011,1.0634,0.5896,-3.4743,-98.3425,-1.6338,Very Poor,Very Poor,Very Poor,run04142021033310_861498,15,False
6,12,2.0266,1.8352,0.5964,0.3718,0.064,0.2491,0.7656,1.3368,0.8619,1.1786,0.7729,-5.7622,-121.038,-3.5257,Very Poor,Very Poor,Very Poor,run04142021033310_971250,15,False
7,1,1.8992,1.1949,0.6125,0.3763,0.0436,0.0372,0.6374,1.2421,0.8426,1.2978,0.7005,-5.4626,-146.9667,-2.7173,Very Poor,Very Poor,Very Poor,run04142021104501_11394,15,False
7,2,1.9728,1.1912,0.5854,0.4283,0.0881,0.1387,0.7227,1.2228,0.8151,1.2319,0.6873,-5.0479,-132.3205,-2.5786,Very Poor,Very Poor,Very Poor,run04142021104501_267070,15,False
7,3,2.0326,1.2362,0.6444,0.3733,0.0409,0.1256,0.7426,1.4641,0.8066,1.1968,0.6889,-4.9219,-124.8347,-2.5954,Very Poor,Very Poor,Very Poor,run04142021104501_315082,15,False
7,4,1.9007,1.078,0.6847,0.406,0.0395,0.1102,0.6883,1.3806,0.7973,1.1978,0.6753,-4.7875,-125.0437,-2.4544,Very Poor,Very Poor,Very Poor,run04142021104501_857404,15,False
7,5,1.8725,0.9822,0.5743,0.3287,0.0658,0.1323,0.7055,1.4557,0.799,1.2116,0.6721,-4.8114,-127.9745,-2.4219,Very Poor,Very Poor,Very Poor,run04142021104501_90955,15,False
8,1,1.3451,0.8157,0.6245,0.4233,0.0532,0.0686,0.6956,0.982,0.4661,0.1268,0.5124,-0.978,-0.4126,-0.989,Very Poor,Very Poor,Very Poor,run04142021163812_17003,15,False
8,2,2.0044,1.1171,0.6057,0.3527,0.0574,0.1703,0.7655,1.1802,0.8032,1.1962,0.6844,-4.873,-124.7067,-2.5481,Very Poor,Very Poor,Very Poor,run04142021163812_170538,15,False
8,3,1.9953,1.0038,0.7701,0.4556,0.0509,0.2671,0.7808,1.1974,0.7827,1.1941,0.6554,-4.5766,-124.2749,-2.2543,Very Poor,Very Poor,Very Poor,run04142021163812_201737,15,False
8,4,1.9622,1.1963,0.5774,0.385,-0.0843,0.1282,0.6424,1.2513,13.1941,14.6106,12.8539,-1583.7212,-18753.0545,-1250.6204,Very Poor,Very Poor,Very Poor,run04142021163812_267492,15,False
8,5,2.0343,2.1618,0.5992,0.456,0.0502,0.1681,0.7418,0.9363,0.7416,0.3278,0.8059,-4.006,-8.4386,-3.92,Very Poor,Very Poor,Very Poor,run04142021163812_292176,15,False
8,6,1.9097,1.1898,0.6205,0.4196,0.0246,0.0476,0.7177,1.2136,0.787,1.2005,0.6592,-4.6388,-125.6081,-2.2919,Very Poor,Very Poor,Very Poor,run04142021163812_652430,15,False
8,7,1.8583,1.1591,0.5644,0.4363,0.0505,0.1931,0.6699,1.5128,0.8155,1.2135,0.6952,-5.0539,-128.3642,-2.6616,Very Poor,Very Poor,Very Poor,run04142021163812_673861,15,False
8,8,2.0049,1.393,0.6008,0.4315,0.0651,0.2259,0.7681,1.3632,0.8236,1.2215,0.7037,-5.1743,-130.0812,-2.751,Very Poor,Very Poor,Very Poor,run04142021163812_687237,15,False
8,9,1.8664,1.1779,0.5295,0.4047,0.052,0.0898,0.6914,1.4544,0.8157,1.2105,0.6967,-5.0575,-127.7395,-2.6773,Very Poor,Very Poor,Very Poor,run04142021163812_714527,15,False
8,10,1.9753,1.1976,0.6746,0.3439,0.0455,0.1355,0.7077,1.4582,0.8138,1.2217,0.6896,-5.0288,-130.1179,-2.6019,Very Poor,Very Poor,Very Poor,run04142021163812_791671,15,False
8,11,2.0332,0.2431,0.6281,0.3664,0.0397,0.1368,0.5821,1.1017,0.4488,0.785,0.3287,-0.8335,-53.1397,0.1813,Very Poor,Very Poor,Poor,run04142021163812_799391,15,False
8,12,1.8163,0.4517,0.5754,0.3844,0.043,0.1995,0.6986,1.1828,0.6764,1.0676,0.5513,-3.1644,-99.1409,-1.3024,Very Poor,Very Poor,Very Poor,run04142021163812_821019,15,False
8,13,2.0083,1.0403,0.0362,0.3916,0.0454,0.019,0.772,1.3395,0.9974,1.6611,0.7732,-8.0558,-241.4259,-3.5283,Very Poor,Very Poor,Very Poor,run04142021163812_857552,15,False
8,14,1.9298,1.0208,0.5441,0.3581,0.0612,0.1224,0.7404,1.4616,0.7949,1.2051,0.6688,-4.7516,-126.5879,-2.3879,Very Poor,Very Poor,Very Poor,run04142021163812_989129,15,False
9,1,1.9605,1.1772,0.4981,0.3602,0.0524,0.1554,0.6928,1.4525,0.812,1.2142,0.6899,-5.0017,-128.5149,-2.6055,Very Poor,Very Poor,Very Poor,run04152021145532_109295,15,False
9,2,1.9647,1.1596,0.475,0.3855,0.0016,0.483,0.8079,1.2851,0.8124,1.1586,0.7116,-5.0074,-116.9368,-2.8359,Very Poor,Very Poor,Very Poor,run04152021145532_149145,15,False
9,3,2.0329,1.2733,0.619,0.3321,0.054,0.1466,0.7736,0.9731,0.6043,0.2201,0.6607,-2.3246,-3.2546,-2.3066,Very Poor,Very Poor,Very Poor,run04152021145532_194527,15,False
9,4,1.8354,0.4427,0.5699,0.3852,0.0384,0.1455,0.6678,1.258,0.6743,1.053,0.5546,-3.1393,-96.4132,-1.3297,Very Poor,Very Poor,Very Poor,run04152021145532_213458,15,False
9,5,2.0346,1.1316,0.6083,0.4903,0.036,0.1584,0.5503,1.0649,0.7277,1.0003,0.6509,-3.8209,-86.9006,-2.2091,Very Poor,Very Poor,Very Poor,run04152021145532_324769,15,False
9,6,2.0162,1.2595,0.5884,0.4324,0.0448,0.2199,0.711,1.3158,0.8296,1.2435,0.7037,-5.2653,-134.8425,-2.7514,Very Poor,Very Poor,Very Poor,run04152021145532_404409,15,False
9,7,2.078,0.4151,0.6125,0.3897,0.0451,0.1681,0.377,1.1542,0.5788,0.9174,0.4701,-2.0495,-72.9416,-0.6741,Very Poor,Very Poor,Very Poor,run04152021145532_598034,15,False
9,8,2.0057,1.0771,0.1386,0.391,-0.0405,0.1775,0.6064,1.3057,11.1911,12.5095,10.8725,-1139.0948,-13747.1537,-894.4868,Very Poor,Very Poor,Very Poor,run04152021145532_656736,15,False
9,9,1.8902,0.427,0.5945,0.3845,0.0638,0.206,0.8011,1.3607,0.707,1.1351,0.5678,-3.5496,-112.1858,-1.442,Very Poor,Very Poor,Very Poor,run04152021145532_672200,15,False
9,10,1.8469,1.2926,0.5768,0.4355,0.0708,0.1992,0.727,1.5602,0.8162,1.2275,0.6907,-5.065,-131.3778,-2.6144,Very Poor,Very Poor,Very Poor,run04152021145532_726637,15,False
9,11,1.8813,1.1982,0.706,0.3884,0.0452,0.07,0.7063,1.4601,0.8155,1.2047,0.6986,-5.0534,-126.4959,-2.6974,Very Poor,Very Poor,Very Poor,run04152021145532_921638,15,False
10,1,2.0494,0.7715,0.6172,0.3408,0.0494,0.171,0.5174,1.1534,0.7734,1.1811,0.6473,-4.4457,-121.5505,-2.1738,Very Poor,Very Poor,Very Poor,run04162021093521_167011,15,False
10,2,1.9745,1.0026,0.7544,0.4663,0.0424,0.1195,0.5768,1.2191,0.7956,1.2006,0.6716,-4.7619,-125.6404,-2.4168,Very Poor,Very Poor,Very Poor,run04162021093521_274562,15,False
10,3,1.9204,1.1594,0.4514,0.3708,-0.0063,0.2087,0.8482,1.3187,9.1388,10.4239,8.8239,-759.2765,-9545.0938,-588.8236,Very Poor,Very Poor,Very Poor,run04162021093521_409147,15,False
10,4,1.8588,1.2523,0.0049,0.3891,0.0757,0.1971,0.5518,1.2564,0.883,1.295,0.7601,-6.0969,-146.3364,-3.3762,Very Poor,Very Poor,Very Poor,run04162021093521_410423,15,False
10,5,1.6768,0.8451,0.6264,0.4183,0.0539,0.0725,0.6951,1.0671,0.7165,1.0457,0.6188,-3.6735,-95.071,-1.9003,Very Poor,Very Poor,Very Poor,run04162021093521_43690,15,False
10,6,1.9537,1.2254,0.5863,0.4037,0.0466,0.1525,0.6927,1.3785,0.8172,1.2279,0.6919,-5.0785,-131.4658,-2.6265,Very Poor,Very Poor,Very Poor,run04162021093521_464289,15,False
10,7,2.023,1.2114,0.5002,0.3889,0.0506,0.2227,0.7111,1.3898,0.818,1.2198,0.6964,-5.0916,-129.7094,-2.6739,Very Poor,Very Poor,Very Poor,run04162021093521_615724,15,False
10,8,1.9257,0.5893,0.3787,0.3749,0.0826,0.2524,0.445,1.2325,0.7404,1.1664,0.6045,-3.9899,-118.5278,-1.7678,Very Poor,Very Poor,Very Poor,run04162021093521_661250,15,False
10,9,1.9541,1.1899,0.6442,0.4343,0.0324,0.0697,0.6775,1.18,0.7979,1.1911,0.6787,-4.7954,-123.6361,-2.4897,Very Poor,Very Poor,Very Poor,run04162021093521_661314,15,False
10,10,1.9939,1.1174,0.0621,0.4374,-0.0455,0.1796,0.7817,1.6095,11.5609,12.8881,11.2407,-1215.6821,-14591.8411,-956.1723,Very Poor,Very Poor,Very Poor,run04162021093521_670946,15,False
10,11,1.4844,0.6071,0.6023,0.4225,0.0505,0.1791,0.6953,0.6556,0.4391,0.3411,0.4583,-0.7555,-9.2203,-0.5912,Very Poor,Very Poor,Very Poor,run04162021093521_715874,15,False
10,12,2.9296,0.9169,0.5969,0.381,0.0437,0.1437,0.262,0.2865,0.5899,0.7566,0.5454,-2.1676,-49.2852,-1.2535,Very Poor,Very Poor,Very Poor,run04162021093521_743488,15,False
10,13,1.937,1.1171,0.6057,0.3527,0.0574,0.1703,0.7655,1.1802,0.8076,1.2093,0.6856,-4.9378,-127.4814,-2.5604,Very Poor,Very Poor,Very Poor,run04162021093521_77930,15,False
11,1,1.8706,1.0543,0.5434,0.3947,0.0419,0.0937,0.7145,1.462,0.7981,1.1972,0.6766,-4.7982,-124.9285,-2.4675,Very Poor,Very Poor,Very Poor,run04172021061306_122188,15,False
11,2,2.0153,1.1171,0.6267,0.3864,0.0515,0.1148,0.6026,1.1488,0.7988,1.1984,0.6772,-4.809,-125.1753,-2.4738,Very Poor,Very Poor,Very Poor,run04172021061306_163403,15,False
11,3,1.8054,0.5539,0.5999,0.4201,0.0491,0.132,0.2994,0.8352,0.3145,0.045,0.3475,0.0994,0.822,0.0854,Poor,Excellent,Poor,run04172021061306_263791,15,False
11,4,1.8795,1.2185,0.0443,0.3826,0.058,0.1965,0.7128,1.1974,0.8519,1.2628,0.7282,-5.6064,-139.0867,-3.0167,Very Poor,Very Poor,Very Poor,run04172021061306_3220,15,False
11,5,2.6086,0.9701,0.5993,0.3834,0.045,0.1908,0.6579,0.107,0.5503,0.3069,0.5914,-1.7568,-7.2754,-1.6497,Very Poor,Very Poor,Very Poor,run04172021061306_337251,15,False
11,6,2.1342,0.505,0.6105,0.4055,0.0474,0.1691,0.6788,1.0672,0.6326,0.9639,0.5302,-2.6426,-80.6176,-1.1298,Very Poor,Very Poor,Very Poor,run04172021061306_372162,15,False
11,7,2.1259,1.2588,0.6083,0.4977,-0.0539,0.1201,0.5664,1.0647,592.502,3.0598,655.778,-3195743.3225,-821.5111,-3257727.7419,Very Poor,Very Poor,Very Poor,run04172021061306_606265,15,False
11,8,1.933,1.2592,0.547,0.4102,0.0644,0.1531,0.5317,1.4375,0.8207,1.2174,0.7011,-5.1314,-129.2151,-2.724,Very Poor,Very Poor,Very Poor,run04172021061306_684948,15,False
11,9,1.9405,1.1647,0.7067,0.3518,0.0645,0.0986,0.7322,1.4596,0.8103,1.2216,0.6846,-4.9775,-130.0966,-2.5501,Very Poor,Very Poor,Very Poor,run04172021061306_705174,15,False
11,10,2.0086,0.657,0.7449,0.4207,0.0403,0.1757,0.4917,1.2236,0.7519,1.1715,0.6194,-4.146,-119.5655,-1.9067,Very Poor,Very Poor,Very Poor,run04172021061306_981420,15,False
1,1,4.848,0.0504,0.6236,0.7094,0.0118,0.0225,0.4862,1.526,0.2927,0.5848,0.1098,0.5189,-2.6073,0.9403,Fair,Very Poor,Excellent,run04122021115225_105637,22,False
1,2,5.0777,0.0517,0.6812,0.6994,0.0121,0.0235,0.4973,1.6294,0.2942,0.5904,0.1065,0.5138,-2.6767,0.9439,Fair,Very Poor,Excellent,run04122021115225_152670,22,False
1,3,4.7832,0.0519,0.6658,0.7238,0.0116,0.0226,0.4805,1.6641,0.289,0.5823,0.1009,0.5309,-2.5756,0.9496,Fair,Very Poor,Excellent,run04122021115225_182278,22,False
1,4,4.8347,0.0523,0.6733,0.7313,0.0125,0.0237,0.5087,1.5501,0.3007,0.5942,0.1226,0.4921,-2.7238,0.9256,Fair,Very Poor,Excellent,run04122021115225_198199,22,False
1,5,4.8044,0.0488,0.6299,0.7182,0.0118,0.023,0.519,1.5871,0.2894,0.5795,0.1067,0.5296,-2.542,0.9436,Fair,Very Poor,Excellent,run04122021115225_240528,22,False
1,6,5.0754,0.0493,0.6762,0.69,0.0121,0.0225,0.4793,1.5274,0.2884,0.5797,0.1027,0.533,-2.5437,0.9477,Fair,Very Poor,Excellent,run04122021115225_314045,22,False
1,7,4.9034,0.0507,0.6761,0.7309,0.0122,0.0236,0.4876,1.5126,0.296,0.5857,0.1196,0.5079,-2.6179,0.9292,Fair,Very Poor,Excellent,run04122021115225_342185,22,False
1,8,5.1991,0.0481,0.657,0.6734,0.0122,0.0221,0.478,1.5734,0.2874,0.5759,0.1052,0.5363,-2.4975,0.9452,Fair,Very Poor,Excellent,run04122021115225_374759,22,False
1,9,4.7867,0.0509,0.6335,0.6923,0.0125,0.0242,0.4972,1.5576,0.2938,0.5866,0.1108,0.5154,-2.6291,0.9393,Fair,Very Poor,Excellent,run04122021115225_403562,22,False
1,10,5.2448,0.0517,0.6446,0.7102,0.0118,0.0221,0.4839,1.6611,0.2973,0.5976,0.106,0.5036,-2.7663,0.9444,Fair,Very Poor,Excellent,run04122021115225_427307,22,False
1,11,5.0686,0.0487,0.6379,0.6833,0.0122,0.0227,0.4788,1.5767,0.2887,0.5783,0.1062,0.5318,-2.5269,0.9441,Fair,Very Poor,Excellent,run04122021115225_472589,22,False
1,12,4.9623,0.0517,0.6302,0.7085,0.0122,0.0234,0.5191,1.6435,0.2971,0.5946,0.11,0.5043,-2.7284,0.9401,Fair,Very Poor,Excellent,run04122021115225_493909,22,False
1,13,5.1867,0.0521,0.672,0.666,0.0117,0.0227,0.4899,1.5351,0.2933,0.5878,0.1075,0.5168,-2.6435,0.9428,Fair,Very Poor,Excellent,run04122021115225_544575,22,False
1,14,4.9971,0.0495,0.646,0.6775,0.0118,0.0223,0.4863,1.6456,0.2905,0.5826,0.1058,0.526,-2.5794,0.9446,Fair,Very Poor,Excellent,run04122021115225_557768,22,False
1,15,4.9749,0.0495,0.6723,0.6954,0.0116,0.0233,0.5214,1.5204,0.2891,0.5823,0.1011,0.5307,-2.5762,0.9494,Fair,Very Poor,Excellent,run04122021115225_560675,22,False
1,16,5.0066,0.052,0.6315,0.7293,0.0124,0.024,0.4965,1.6002,0.3011,0.5931,0.1252,0.491,-2.7098,0.9225,Fair,Very Poor,Excellent,run04122021115225_578696,22,False
1,17,5.0669,0.0522,0.6425,0.7263,0.0124,0.0235,0.5156,1.5983,0.3003,0.5917,0.1248,0.4935,-2.6925,0.9229,Fair,Very Poor,Excellent,run04122021115225_630201,22,False
1,18,4.8833,0.0516,0.6207,0.6894,0.0115,0.0224,0.5177,1.5343,0.2972,0.5876,0.1206,0.504,-2.6412,0.9279,Fair,Very Poor,Excellent,run04122021115225_740839,22,False
1,19,4.9149,0.0508,0.6728,0.7101,0.0118,0.0227,0.511,1.5714,0.2903,0.5852,0.1009,0.5266,-2.6113,0.9496,Fair,Very Poor,Excellent,run04122021115225_845344,22,False
1,20,5.0233,0.0521,0.6768,0.7213,0.0115,0.0224,0.4839,1.6205,0.2946,0.5927,0.104,0.5127,-2.705,0.9464,Fair,Very Poor,Excellent,run04122021115225_887772,22,False
2,1,4.351,0.0516,0.63,0.7006,0.0118,0.024,0.4903,1.6157,0.2922,0.5878,0.1033,0.5206,-2.6441,0.9472,Fair,Very Poor,Excellent,run04132021183312_252365,22,False
2,2,3.825,0.0502,0.6465,0.7062,0.0118,0.1666,0.5038,2.5664,0.3628,0.5972,0.2589,0.2609,-2.7613,0.6683,Poor,Very Poor,Good,run04132021183312_252592,22,False
2,3,3.2275,0.0512,0.629,0.6761,0.0117,0.0226,0.4889,1.5301,0.2961,0.5869,0.1182,0.5075,-2.6325,0.9308,Fair,Very Poor,Excellent,run04132021183312_260271,22,False
2,4,4.9749,1.2962,0.6723,0.5803,0.0664,0.0233,0.5214,1.5204,0.8966,1.4461,0.6589,-3.5138,-21.0547,-1.1494,Very Poor,Very Poor,Very Poor,run04132021183312_354372,22,False
2,5,4.8622,0.0506,0.6251,0.687,0.0121,0.0234,0.4905,1.5653,0.2945,0.5871,0.1126,0.5128,-2.6355,0.9372,Fair,Very Poor,Excellent,run04132021183312_37128,22,False
2,6,4.992,0.0519,0.6304,0.7377,0.0124,0.0237,0.4877,1.6187,0.3015,0.5928,0.127,0.4895,-2.7055,0.9201,Fair,Very Poor,Excellent,run04132021183312_415877,22,False
2,7,4.999,0.0512,0.6665,0.6993,0.0118,0.0226,0.4872,1.531,0.2924,0.588,0.1039,0.5198,-2.6458,0.9465,Fair,Very Poor,Excellent,run04132021183312_513279,22,False
2,8,2.4465,0.1413,0.6723,0.6813,-0.0916,0.0224,0.4935,1.6318,0.4823,0.8671,0.2891,-0.3063,-6.9286,0.5863,Very Poor,Very Poor,Fair,run04132021183312_592722,22,False
2,9,4.9769,0.0518,0.6313,0.7,0.0122,0.0237,0.528,1.625,0.2964,0.5953,0.1065,0.5066,-2.7373,0.9438,Fair,Very Poor,Excellent,run04132021183312_605576,22,False
2,10,4.857,0.0517,0.6719,0.6882,0.0119,0.022,0.5248,1.548,0.2936,0.5901,0.1048,0.516,-2.672,0.9457,Fair,Very Poor,Excellent,run04132021183312_643485,22,False
2,11,4.828,0.051,0.6845,0.7362,0.0126,0.0245,0.4942,1.5049,0.2941,0.5823,0.1183,0.5142,-2.5758,0.9307,Fair,Very Poor,Excellent,run04132021183312_98878,22,False
3,1,4.855,0.0523,0.6617,0.6921,0.0117,0.0229,0.4884,1.5153,0.2937,0.5909,0.1039,0.5156,-2.6819,0.9466,Fair,Very Poor,Excellent,run04142021184542_290624,22,False
3,2,0.8856,0.0513,0.6471,0.7102,0.0118,0.0148,0.4886,1.9881,0.3274,0.6005,0.1855,0.3981,-2.8027,0.8296,Fair,Very Poor,Excellent,run04142021184542_367058,22,False
3,3,4.8814,0.0503,0.631,0.6832,0.012,0.0231,0.4889,1.5387,0.2916,0.5847,0.1061,0.5227,-2.6052,0.9443,Fair,Very Poor,Excellent,run04142021184542_489208,22,False
3,4,4.9484,0.0477,0.6347,0.7254,0.0118,0.0228,0.5177,1.7493,0.2879,0.5772,0.1051,0.5345,-2.5133,0.9453,Fair,Very Poor,Excellent,run04142021184542_505253,22,False
3,5,3.4112,0.0506,0.644,0.7062,0.0118,0.3573,0.4991,2.2393,0.3452,0.5884,0.2323,0.3308,-2.6517,0.7329,Fair,Very Poor,Good,run04142021184542_772072,22,False
3,6,3.2083,0.0515,0.6232,0.6799,0.0118,0.0228,0.4905,1.5567,0.2928,0.5886,0.1044,0.5185,-2.6537,0.946,Fair,Very Poor,Excellent,run04142021184542_863638,22,False
3,7,3.5935,0.0519,0.6658,0.7238,0.0116,0.0226,0.4805,1.6641,0.2936,0.5902,0.1048,0.5158,-2.6734,0.9457,Fair,Very Poor,Excellent,run04142021184542_92587,22,False
3,8,3.12,1.2962,0.6723,0.5803,0.0664,0.077,0.2345,2.0957,0.8485,1.338,0.6424,-3.0431,-17.8805,-1.0431,Very Poor,Very Poor,Very Poor,run04142021184542_99927,22,False
4,1,4.2808,0.0519,0.1611,0.7189,0.0124,0.0237,0.5327,1.4848,0.3439,0.5862,0.2314,0.3359,-2.6244,0.7349,Fair,Very Poor,Good,run04152021165346_107004,22,False
4,2,2.8362,0.0521,0.6768,0.7213,-0.0614,0.0224,0.4839,3.4893,0.4153,0.6028,0.343,0.0314,-2.8325,0.4174,Poor,Very Poor,Fair,run04152021165346_316335,22,False
4,3,4.6272,0.0521,0.6705,0.7027,0.0116,0.0129,0.5179,2.0534,0.3476,0.5987,0.2293,0.3216,-2.7807,0.7398,Fair,Very Poor,Good,run04152021165346_385455,22,False
4,4,4.9381,0.0495,0.6748,0.6807,0.0122,0.0228,0.4789,1.547,0.2888,0.581,0.102,0.5317,-2.5605,0.9485,Fair,Very Poor,Excellent,run04152021165346_392738,22,False
4,5,0.0725,0.0485,0.2245,0.0487,0.0121,0.0887,0.4791,3.741,0.7357,0.3088,0.8181,-2.0391,-0.0056,-2.3132,Very Poor,Very Poor,Very Poor,run04152021165346_406502,22,False
4,6,1.093,0.0515,0.6499,0.7388,0.0127,0.0256,0.4794,1.4849,0.2954,0.5835,0.1207,0.51,-2.5902,0.9278,Fair,Very Poor,Excellent,run04152021165346_407192,22,False
4,7,3.1014,0.0517,0.6727,0.6818,0.0118,0.0219,0.4789,1.5438,0.2937,0.5901,0.1051,0.5157,-2.672,0.9454,Fair,Very Poor,Excellent,run04152021165346_418798,22,False
4,8,4.1875,0.0483,0.6488,0.7118,0.0118,0.0226,0.4652,1.6519,0.2887,0.5794,0.1043,0.5319,-2.5408,0.9461,Fair,Very Poor,Excellent,run04152021165346_439047,22,False
4,9,1.5144,0.0519,0.665,0.7302,0.0116,0.0226,0.5263,1.6683,0.2925,0.5872,0.1055,0.5195,-2.6362,0.9449,Fair,Very Poor,Excellent,run04152021165346_538251,22,False
4,10,4.9723,0.0517,0.6316,0.7188,0.0123,0.0237,0.4829,1.6249,0.3009,0.5974,0.1187,0.4915,-2.7636,0.9302,Fair,Very Poor,Excellent,run04152021165346_563910,22,False
4,11,2.4465,0.1413,0.6723,0.6813,-0.0916,0.0224,0.4935,1.6318,0.469,0.8671,0.2592,-0.235,-6.929,0.6673,Very Poor,Very Poor,Good,run04152021165346_68251,22,False
4,12,3.9708,0.0475,0.6429,0.687,0.0122,0.0223,0.5306,1.6708,0.2897,0.5779,0.1101,0.5287,-2.522,0.94,Fair,Very Poor,Excellent,run04152021165346_736963,22,False
5,1,3.067,0.2763,0.6723,0.6687,-0.0983,0.103,0.1919,1.9956,1.8034,1.0368,1.9691,-17.2623,-10.3371,-18.1958,Very Poor,Very Poor,Very Poor,run04162021160546_178182,22,False
5,2,0.7784,0.0521,0.6705,0.7027,-0.0934,0.2486,0.5179,2.0534,1.7569,0.6004,1.967,-16.3325,-2.8021,-18.1563,Very Poor,Very Poor,Very Poor,run04162021160546_25951,22,False
5,3,4.9801,0.0485,0.2245,0.0487,0.0121,0.0887,0.4791,3.741,0.7732,0.5944,0.8173,-2.357,-2.726,-2.3073,Very Poor,Very Poor,Very Poor,run04162021160546_277460,22,False
5,4,4.8439,0.0505,0.6297,0.7319,0.0118,0.0245,0.4885,1.5283,0.292,0.5854,0.1065,0.5212,-2.6143,0.9439,Fair,Very Poor,Excellent,run04162021160546_538840,22,False
5,5,4.9723,0.0517,0.8835,0.7188,0.0123,0.2238,0.4829,1.6249,0.4771,0.5797,0.4432,-0.2781,-2.5444,0.0274,Very Poor,Very Poor,Poor,run04162021160546_608336,22,False
5,6,3.9403,0.0486,0.6464,0.7026,0.0119,0.0223,0.4465,1.6514,0.2878,0.5767,0.1054,0.5349,-2.5075,0.945,Fair,Very Poor,Excellent,run04162021160546_678302,22,False
5,7,1.9467,0.0515,0.6608,0.732,0.0116,0.0236,0.4961,1.4509,0.2903,0.5826,0.1049,0.5268,-2.58,0.9455,Fair,Very Poor,Excellent,run04162021160546_764186,22,False
5,8,2.4995,1.1612,0.6723,0.5929,-0.081,0.4503,0.5361,1.7319,2.6968,1.0784,3.0045,-39.8415,-11.265,-43.6934,Very Poor,Very Poor,Very Poor,run04162021160546_829867,22,False
5,9,3.984,0.0517,0.6696,0.7413,0.0117,0.0236,0.535,1.5926,0.2954,0.5925,0.1074,0.5099,-2.702,0.9429,Fair,Very Poor,Excellent,run04162021160546_885470,22,False
5,10,1.8814,0.0518,0.6254,0.6895,0.0117,0.023,0.4816,1.6913,0.2958,0.5905,0.1116,0.5088,-2.6778,0.9383,Fair,Very Poor,Excellent,run04162021160546_885502,22,False
5,11,4.218,0.0473,0.6453,0.6962,0.0121,0.0225,0.5493,1.6713,0.2897,0.5799,0.1072,0.5286,-2.5464,0.9431,Fair,Very Poor,Excellent,run04162021160546_898588,22,False
5,12,4.8654,0.0508,0.6859,0.6876,0.0128,0.0231,0.4946,1.5154,0.296,0.585,0.1206,0.5079,-2.609,0.928,Fair,Very Poor,Excellent,run04162021160546_921627,22,False
5,13,2.3546,0.0515,0.6123,0.6867,0.0129,0.0248,0.4738,1.5906,0.3009,0.5916,0.1266,0.4917,-2.6912,0.9207,Fair,Very Poor,Excellent,run04162021160546_951008,22,False
